[{"crop_id":"0","crop_name":"NA"}, {"crop_id":"1","crop_name":"Tomato"}, {"crop_id":"2","crop_name":"Okra"}, {"crop_id":"3","crop_name":"French Beans"}, {"crop_id":"4","crop_name":"Cluster Beans (Guargum)"}, {"crop_id":"5","crop_name":"Onion"}, {"crop_id":"6","crop_name":"Amaranthus"}, {"crop_id":"7","crop_name":"Spinach"}, {"crop_id":"8","crop_name":"Fenugreek"}, {"crop_id":"9","crop_name":"Coriander"}, {"crop_id":"10","crop_name":"Ridge Gourd"}, {"crop_id":"11","crop_name":"Bottle Gourd"}, {"crop_id":"12","crop_name":"Brinjal"}, {"crop_id":"13","crop_name":"Carrot"}, {"crop_id":"14","crop_name":"Field Beans"}, {"crop_id":"15","crop_name":"Groundnut"}, {"crop_id":"16","crop_name":"Bengal Gram"}, {"crop_id":"17","crop_name":"Green Chillies"}, {"crop_id":"18","crop_name":"Paddy"}, {"crop_id":"19","crop_name":"Bitter Gourd"}, {"crop_id":"20","crop_name":"Cotton"}, {"crop_id":"21","crop_name":"Maize"}, {"crop_id":"23","crop_name":"Red Gram"}, {"crop_id":"24","crop_name":"Green Gram"}, {"crop_id":"25","crop_name":"Beans"}, {"crop_id":"26","crop_name":"Lady finger"}, {"crop_id":"27","crop_name":"Mango"} ]