[{"variety_id":"1","crop_id":"1","variety_name":"Pusa early dwarf"}, {"variety_id":"2","crop_id":"1","variety_name":"Marutham"}, {"variety_id":"3","crop_id":"1","variety_name":"Arkavikas"}, {"variety_id":"4","crop_id":"1","variety_name":"Pusa 120"}, {"variety_id":"5","crop_id":"1","variety_name":"Rashmi"}, {"variety_id":"6","crop_id":"1","variety_name":"Naveen"}, {"variety_id":"7","crop_id":"1","variety_name":"Avinash - 2"}, {"variety_id":"8","crop_id":"1","variety_name":"Lakshmi"}, {"variety_id":"9","crop_id":"1","variety_name":"V.S.S 120"}, {"variety_id":"10","crop_id":"1","variety_name":"Annapurna"}, {"variety_id":"11","crop_id":"2","variety_name":"Arka-anamika"}, {"variety_id":"12","crop_id":"2","variety_name":"Arka-Abhay"}, {"variety_id":"13","crop_id":"2","variety_name":"Parbhani Kranti"}, {"variety_id":"14","crop_id":"2","variety_name":"Varsha"}, {"variety_id":"15","crop_id":"2","variety_name":"Mahyco 10"}, {"variety_id":"16","crop_id":"2","variety_name":"Priya"}, {"variety_id":"17","crop_id":"2","variety_name":"Supriya"}, {"variety_id":"18","crop_id":"18","variety_name":"A.P.H.R-1"}, {"variety_id":"19","crop_id":"18","variety_name":"A.P.H.R-2"}, {"variety_id":"20","crop_id":"18","variety_name":"Bhadrakali (WGL-3962)"}, {"variety_id":"21","crop_id":"18","variety_name":"Chandana (RNR-74802)"}, {"variety_id":"22","crop_id":"18","variety_name":"D.R.R.H-1"}, {"variety_id":"23","crop_id":"18","variety_name":"Divya (WGL-44645)"}, {"variety_id":"24","crop_id":"18","variety_name":"Indursamba (RDR-763)"}, {"variety_id":"25","crop_id":"18","variety_name":"IR-64"}, {"variety_id":"26","crop_id":"18","variety_name":"Kavya (WGL-48684"}, {"variety_id":"27","crop_id":"18","variety_name":"Kesava (WGL-3825)"}, {"variety_id":"28","crop_id":"18","variety_name":"Phalguna (RP-6-17)"}, {"variety_id":"29","crop_id":"18","variety_name":"Pothana (WGL-22245"}, {"variety_id":"30","crop_id":"18","variety_name":"Rajavadlu (RNR-99377"}, {"variety_id":"31","crop_id":"18","variety_name":"Rasi (IET-1444)"}, {"variety_id":"32","crop_id":"18","variety_name":"Sagar samba (RNR-52147)"}, {"variety_id":"33","crop_id":"18","variety_name":"Saleema (RNR- 29692)"}, {"variety_id":"34","crop_id":"18","variety_name":"Sambamashuri (BPT-5204)"}, {"variety_id":"35","crop_id":"18","variety_name":" Satya (RNR-1446)"}, {"variety_id":"36","crop_id":"18","variety_name":"Siva (WGL-3943)"}, {"variety_id":"37","crop_id":"18","variety_name":"Surekha (IET- 7946)"}, {"variety_id":"38","crop_id":"18","variety_name":"Tellahamsa"}, {"variety_id":"39","crop_id":"18","variety_name":"Varsha (RDR-355)"}, {"variety_id":"40","crop_id":"18","variety_name":"Vijetha (MTU-1001)"}, {"variety_id":"41","crop_id":"18","variety_name":"Yerramallelu (WGL-20471)"}, {"variety_id":"42","crop_id":"4","variety_name":"Gauri"}, {"variety_id":"43","crop_id":"4","variety_name":"Pusa Navbahar"}, {"variety_id":"44","crop_id":"4","variety_name":"Pusa Sadabahar"}, {"variety_id":"45","crop_id":"5","variety_name":"N 53"}, {"variety_id":"46","crop_id":"5","variety_name":"Agrifound light red"}, {"variety_id":"47","crop_id":"6","variety_name":"R.N.A - 1"}, {"variety_id":"48","crop_id":"6","variety_name":"Arka Aruna (Red)"}, {"variety_id":"49","crop_id":"7","variety_name":"All Green"}, {"variety_id":"50","crop_id":"8","variety_name":"Pusa Early Bunching"}, {"variety_id":"51","crop_id":"9","variety_name":"Swathi"}, {"variety_id":"52","crop_id":"9","variety_name":"Sadhana"}, {"variety_id":"53","crop_id":"10","variety_name":"Pusa Nasdar"}, {"variety_id":"54","crop_id":"10","variety_name":"Jaipur Long"}, {"variety_id":"55","crop_id":"10","variety_name":"N.S - 3"}, {"variety_id":"56","crop_id":"10","variety_name":"N.S - 401 "}, {"variety_id":"57","crop_id":"10","variety_name":"N.S - 403"}, {"variety_id":"58","crop_id":"10","variety_name":"Sureka"}, {"variety_id":"59","crop_id":"10","variety_name":"Sanjeevani"}, {"variety_id":"60","crop_id":"10","variety_name":"Mahima"}, {"variety_id":"61","crop_id":"11","variety_name":"Pusa Summer Prolific Long"}, {"variety_id":"62","crop_id":"11","variety_name":"Arka Bahar"}, {"variety_id":"63","crop_id":"11","variety_name":"Varad"}, {"variety_id":"64","crop_id":"11","variety_name":"Kaveri"}, {"variety_id":"65","crop_id":"11","variety_name":"Indum - 104"}, {"variety_id":"66","crop_id":"11","variety_name":"Swathi"}, {"variety_id":"67","crop_id":"19","variety_name":"Coimbatore Long Grain"}, {"variety_id":"68","crop_id":"19","variety_name":"Arka Haritha"}, {"variety_id":"69","crop_id":"19","variety_name":"M.B.T.H - 101"}, {"variety_id":"70","crop_id":"19","variety_name":"M.B.T.H - 102"}, {"variety_id":"71","crop_id":"19","variety_name":"L.S - 431"}, {"variety_id":"72","crop_id":"19","variety_name":"L.S - 432"}, {"variety_id":"73","crop_id":"19","variety_name":"Mahyco -10"}, {"variety_id":"74","crop_id":"19","variety_name":"Mahyco -13"}, {"variety_id":"75","crop_id":"12","variety_name":"Pusa Purple Cluster "}, {"variety_id":"76","crop_id":"12","variety_name":"Bhagyamati"}, {"variety_id":"77","crop_id":"12","variety_name":"N.M.59 - 1"}, {"variety_id":"78","crop_id":"12","variety_name":"Mar Kiran"}, {"variety_id":"79","crop_id":"12","variety_name":"Uthkarsha"}, {"variety_id":"80","crop_id":"12","variety_name":"Kalpataru"}, {"variety_id":"81","crop_id":"12","variety_name":"Haritha (Green)"}, {"variety_id":"82","crop_id":"12","variety_name":"Green Long"}, {"variety_id":"83","crop_id":"15","variety_name":"J.C.G. - 88"}, {"variety_id":"84","crop_id":"15","variety_name":"Kadiri - 9"}, {"variety_id":"85","crop_id":"15","variety_name":"Dharani"}, {"variety_id":"86","crop_id":"15","variety_name":"T.A.G. - 24"}, {"variety_id":"87","crop_id":"15","variety_name":"K - 6"}, {"variety_id":"88","crop_id":"15","variety_name":"K - 7"}, {"variety_id":"89","crop_id":"16","variety_name":"J.G. 11"}, {"variety_id":"90","crop_id":"16","variety_name":"J.A.K.I. 9218"}, {"variety_id":"91","crop_id":"16","variety_name":"Kranti (I.C.C.C - 37)"}, {"variety_id":"92","crop_id":"16","variety_name":"Annagiri"}, {"variety_id":"93","crop_id":"16","variety_name":"Jyoti"}, {"variety_id":"94","crop_id":"16","variety_name":"I.C.C.V. - 10"}, {"variety_id":"95","crop_id":"16","variety_name":"Nandyala Senaga - 1"}, {"variety_id":"96","crop_id":"16","variety_name":"K.A.K. - 2"}, {"variety_id":"97","crop_id":"16","variety_name":"Pule.G. 95311"}, {"variety_id":"98","crop_id":"16","variety_name":"Swetha (I.C.C.V. - 2)"}, {"variety_id":"99","crop_id":"17","variety_name":"Guntur Sannam S4 Type"}, {"variety_id":"100","crop_id":"17","variety_name":"Jwala"}, {"variety_id":"101","crop_id":"17","variety_name":"Teja"}, {"variety_id":"102","crop_id":"17","variety_name":"Agni Rekha"}, {"variety_id":"103","crop_id":"17","variety_name":"Byadagi"} ]