[{"id":"1","state_id":"1","name":"Adilabad"}, {"id":"2","state_id":"1","name":"Nirmal"}, {"id":"3","state_id":"1","name":"Mancherial"}, {"id":"4","state_id":"1","name":"Kumrambheem"}, {"id":"5","state_id":"1","name":"Siddipet"}, {"id":"6","state_id":"1","name":"Jayashankar"}, {"id":"7","state_id":"1","name":"Warangal (Urban)"}, {"id":"8","state_id":"1","name":"Rajanna Sircilla"}, {"id":"9","state_id":"1","name":"Karimnagar"}, {"id":"10","state_id":"1","name":"PEDDAPALLI"}, {"id":"11","state_id":"1","name":"Jagtial"}, {"id":"12","state_id":"1","name":"KHAMMAM"}, {"id":"13","state_id":"1","name":"BHADRADRI(KOTHAGUDEM)"}, {"id":"14","state_id":"1","name":"MAHABUBABAD"}, {"id":"15","state_id":"1","name":"Vikarabad"}, {"id":"16","state_id":"1","name":"GADWAL"}, {"id":"17","state_id":"1","name":"Mahbubnagar"}, {"id":"18","state_id":"1","name":"Nagar Kurnool"}, {"id":"19","state_id":"1","name":"WANAPARTHY"}, {"id":"20","state_id":"1","name":"Rangareddy"}, {"id":"21","state_id":"1","name":"sangareddy"}, {"id":"22","state_id":"1","name":"Medak"}, {"id":"23","state_id":"1","name":"Jangaon"}, {"id":"24","state_id":"1","name":"Nalgonda"}, {"id":"25","state_id":"1","name":"Yadadri"}, {"id":"26","state_id":"1","name":"Suryapet"}, {"id":"27","state_id":"1","name":"NIZAMABAD"}, {"id":"28","state_id":"1","name":"KAMAREDDY"}, {"id":"29","state_id":"1","name":"Medchal"}, {"id":"30","state_id":"1","name":"Warangal (Rural)"}, {"id":"31","state_id":"1","name":"Hyderabad"}, {"id":"32","state_id":"2","name":"Nashik"}]
