[{"id":"1","district_id":"1","name":"Adilabad "}, {"id":"2","district_id":"1","name":"Bazarhathnoor"}, {"id":"3","district_id":"1","name":"Bela"}, {"id":"4","district_id":"1","name":"Boath"}, {"id":"5","district_id":"1","name":"Echoda"}, {"id":"6","district_id":"1","name":"Indervelly"}, {"id":"7","district_id":"1","name":"Gudihathnoor"}, {"id":"8","district_id":"1","name":"Jainath"}, {"id":"9","district_id":"1","name":"Narnoor"}, {"id":"10","district_id":"1","name":"Neradigonda"}, {"id":"11","district_id":"1","name":"Talamadugu"}, {"id":"12","district_id":"1","name":"Tamsi"}, {"id":"13","district_id":"1","name":"Utnoor"}, {"id":"14","district_id":"2","name":"Mudhole"}, {"id":"15","district_id":"2","name":"Bhainsa"}, {"id":"16","district_id":"2","name":"Kaddam"}, {"id":"17","district_id":"2","name":"Dilawarpur"}, {"id":"18","district_id":"2","name":"Kuntala"}, {"id":"19","district_id":"2","name":"Khanapur"}, {"id":"20","district_id":"2","name":"Kubeer"}, {"id":"21","district_id":"2","name":"Laxmanchanda"}, {"id":"22","district_id":"2","name":"Lokeshwaram"}, {"id":"23","district_id":"2","name":"Mamada"}, {"id":"24","district_id":"2","name":"Nirmal"}, {"id":"25","district_id":"2","name":"Sarangapur"}, {"id":"26","district_id":"2","name":"Tanoor"}, {"id":"27","district_id":"3","name":"Bellampally"}, {"id":"28","district_id":"3","name":"Jaipoor"}, {"id":"29","district_id":"3","name":"Bheemini"}, {"id":"30","district_id":"3","name":"Dahegaon"}, {"id":"31","district_id":"3","name":"Vemanpally"}, {"id":"32","district_id":"3","name":"Chennur"}, {"id":"33","district_id":"3","name":"Dandepally"}, {"id":"34","district_id":"3","name":"Mancherial"}, {"id":"35","district_id":"3","name":"Jannaram"}, {"id":"36","district_id":"3","name":"Kasipet"}, {"id":"37","district_id":"3","name":"Kotapally"}, {"id":"38","district_id":"3","name":"Luxettipet"}, {"id":"39","district_id":"3","name":"Mandamarri"}, {"id":"40","district_id":"3","name":"Nennel"}, {"id":"41","district_id":"3","name":"Tandoor"}, {"id":"42","district_id":"4","name":"Asifabad"}, {"id":"43","district_id":"4","name":"Bejjur"}, {"id":"44","district_id":"4","name":"Kagaznagar"}, {"id":"45","district_id":"4","name":"Jainoor"}, {"id":"46","district_id":"4","name":"Kerameri"}, {"id":"47","district_id":"4","name":"Kouthala"}, {"id":"48","district_id":"4","name":"Sirpur(T)"}, {"id":"49","district_id":"4","name":"Rebbena"}, {"id":"50","district_id":"4","name":"Sirpur(U)"}, {"id":"51","district_id":"4","name":"Tiryani"}, {"id":"52","district_id":"4","name":"Wankidi"}, {"id":"53","district_id":"5","name":"Husnabad"}, {"id":"54","district_id":"5","name":"Bheemadevarapalli"}, {"id":"55","district_id":"5","name":"Koheda"}, {"id":"56","district_id":"5","name":"Bejjanki"}, {"id":"57","district_id":"5","name":"Ellanthakunta"}, {"id":"58","district_id":"6","name":"Kataram"}, {"id":"59","district_id":"6","name":"Malharrao"}, {"id":"60","district_id":"6","name":"Mahamutharam"}, {"id":"61","district_id":"6","name":"Mahadevpur"}, {"id":"62","district_id":"7","name":"Elkathurthi"}, {"id":"63","district_id":"7","name":"Kamalapur"}, {"id":"64","district_id":"8","name":"SIRICILLA"}, {"id":"65","district_id":"8","name":"Musthabad"}, {"id":"66","district_id":"8","name":"Boinpalli"}, {"id":"67","district_id":"8","name":"Chandhurthy"}, {"id":"68","district_id":"8","name":"Gambiraopet"}, {"id":"69","district_id":"8","name":"Konaraopet"}, {"id":"70","district_id":"8","name":"Vemulawada"}, {"id":"71","district_id":"8","name":"Yellareddypet"}, {"id":"72","district_id":"9","name":"Karimnagar  "}, {"id":"73","district_id":"9","name":"Jammikunta"}, {"id":"74","district_id":"9","name":"Manakondur"}, {"id":"75","district_id":"9","name":"Thimmapur"}, {"id":"76","district_id":"9","name":"Gangadhara"}, {"id":"77","district_id":"9","name":"Ramadugu"}, {"id":"78","district_id":"9","name":"Choppadandi"}, {"id":"79","district_id":"9","name":"Chigurumamidi"}, {"id":"80","district_id":"9","name":"Huzurabad"}, {"id":"81","district_id":"9","name":"Veenavanka"}, {"id":"82","district_id":"9","name":"Shankarapatnam"}, {"id":"83","district_id":"9","name":"SAIDAPUR"}, {"id":"84","district_id":"10","name":"DHARMARAM"}, {"id":"85","district_id":"10","name":"ELIGAID"}, {"id":"86","district_id":"10","name":"JULAPALLY"}, {"id":"87","district_id":"10","name":"KAMANPUR"}, {"id":"88","district_id":"10","name":"MANTHANI "}, {"id":"89","district_id":"10","name":"MUTHARAM (MANTHANI) "}, {"id":"90","district_id":"10","name":"ODELA"}, {"id":"91","district_id":"10","name":"PEDDAPALLI"}, {"id":"92","district_id":"10","name":"RAMAGUNDAM"}, {"id":"93","district_id":"10","name":"SRIRAMPUR "}, {"id":"94","district_id":"10","name":"SULTHANABAD "}, {"id":"95","district_id":"10","name":"VELGATOOR"}, {"id":"96","district_id":"11","name":"Jagtial"}, {"id":"97","district_id":"11","name":"Dharmapuri"}, {"id":"98","district_id":"11","name":"Gollapalli"}, {"id":"99","district_id":"11","name":"Pegadapalli"}, {"id":"100","district_id":"11","name":"Kodimail"}, {"id":"101","district_id":"11","name":"Raikal"}, {"id":"102","district_id":"11","name":"Mallial"}, {"id":"103","district_id":"11","name":"Medipalli"}, {"id":"104","district_id":"11","name":"Kathalapur"}, {"id":"105","district_id":"11","name":"Korutla"}, {"id":"106","district_id":"11","name":"Mallapur"}, {"id":"107","district_id":"11","name":"Metpalli"}, {"id":"108","district_id":"11","name":"Ibrahimpatnam"}, {"id":"109","district_id":"12","name":"BONAKAL"}, {"id":"110","district_id":"12","name":"CHINTHAKANI"}, {"id":"111","district_id":"12","name":"ENKOOR"}, {"id":"112","district_id":"12","name":"KALLURU"}, {"id":"113","district_id":"12","name":"KAMEPALLI"}, {"id":"114","district_id":"12","name":"KHAMMAM RURAL"}, {"id":"115","district_id":"12","name":"KONIJERLA"}, {"id":"116","district_id":"12","name":"KUSUMANCHI"}, {"id":"117","district_id":"12","name":"MADHIRA"}, {"id":"118","district_id":"12","name":"MUDIGONDA"}, {"id":"119","district_id":"12","name":"NELAKONDAPALLI"}, {"id":"120","district_id":"12","name":"PEUBALLI"}, {"id":"121","district_id":"12","name":"RAGHUNADHAPALEM"}, {"id":"122","district_id":"12","name":"SATHUPALLI"}, {"id":"123","district_id":"12","name":"SINGARENI"}, {"id":"124","district_id":"12","name":"THALLADA"}, {"id":"125","district_id":"12","name":"TIRUMALAYAPALEM"}, {"id":"126","district_id":"12","name":"VEMSOOR"}, {"id":"127","district_id":"12","name":"WYRA"}, {"id":"128","district_id":"12","name":"YERRUPALEM"}, {"id":"129","district_id":"13","name":"ASWAPURAM"}, {"id":"130","district_id":"13","name":"ASWARAOPETA"}, {"id":"131","district_id":"13","name":"BHADRACHALAM"}, {"id":"132","district_id":"13","name":"BURAGAMPAHAD"}, {"id":"133","district_id":"13","name":"CHANDRUGONDA"}, {"id":"134","district_id":"13","name":"CHERLA"}, {"id":"135","district_id":"13","name":"DAMMAPETA"}, {"id":"136","district_id":"13","name":"DUMMUGUDEM"}, {"id":"137","district_id":"13","name":"GUNDALA"}, {"id":"138","district_id":"13","name":"JULURPAD"}, {"id":"139","district_id":"13","name":"KOTHAGUDEM"}, {"id":"140","district_id":"13","name":"MANGOOR"}, {"id":"141","district_id":"13","name":"MULKALAPALLI"}, {"id":"142","district_id":"13","name":"PALWANCHA"}, {"id":"143","district_id":"13","name":"PINAPAKA"}, {"id":"144","district_id":"13","name":"TEKULAPALLY"}, {"id":"145","district_id":"13","name":"YELLANDU"}, {"id":"146","district_id":"14","name":"Bayyaram"}, {"id":"147","district_id":"14","name":"GARLA"}, {"id":"148","district_id":"6","name":"Venkatapur"}, {"id":"149","district_id":"6","name":"Wazeedu"}, {"id":"150","district_id":"15","name":"Bomraspet"}, {"id":"151","district_id":"15","name":"Doulthabad"}, {"id":"152","district_id":"15","name":"Kodangal"}, {"id":"153","district_id":"16","name":"Alampoor"}, {"id":"154","district_id":"16","name":"Dharur"}, {"id":"155","district_id":"16","name":"Gadwal"}, {"id":"156","district_id":"16","name":"GATTU"}, {"id":"157","district_id":"16","name":"Ieeja"}, {"id":"158","district_id":"16","name":"Itikyal"}, {"id":"159","district_id":"16","name":"MALDAKAL"}, {"id":"160","district_id":"16","name":"Manopad"}, {"id":"161","district_id":"16","name":"WADDEPALLY"}, {"id":"162","district_id":"17","name":"Addakal"}, {"id":"163","district_id":"17","name":"Balanagar"}, {"id":"164","district_id":"17","name":"Bhoothpur"}, {"id":"165","district_id":"17","name":"C.C.Kunta"}, {"id":"166","district_id":"17","name":"Damargidda"}, {"id":"167","district_id":"17","name":"Devarkadra"}, {"id":"168","district_id":"17","name":"Dhanwada"}, {"id":"169","district_id":"17","name":"HANWADA"}, {"id":"170","district_id":"17","name":"Jadcherla"}, {"id":"171","district_id":"17","name":"Koilkonda"}, {"id":"172","district_id":"17","name":"Kosgi"}, {"id":"173","district_id":"17","name":"Maddur"}, {"id":"174","district_id":"17","name":"Maganoor"}, {"id":"175","district_id":"17","name":"Mahabubnagar"}, {"id":"176","district_id":"17","name":"MAKTHAL"}, {"id":"177","district_id":"17","name":"Midjil"}, {"id":"178","district_id":"17","name":"NARAYANAPET"}, {"id":"179","district_id":"17","name":"Narva"}, {"id":"180","district_id":"17","name":"Nawabpet"}, {"id":"181","district_id":"17","name":"UTKOOR"}, {"id":"182","district_id":"17","name":"Ghanpur"}, {"id":"183","district_id":"17","name":"PEDDAMANDADI"}, {"id":"184","district_id":"18","name":"Achampet"}, {"id":"185","district_id":"18","name":"AMRABAD"}, {"id":"186","district_id":"18","name":"Balmoor"}, {"id":"187","district_id":"18","name":"BIJINAPALLY"}, {"id":"188","district_id":"18","name":"Kalwakurthy"}, {"id":"189","district_id":"19","name":"KODAIR"}, {"id":"190","district_id":"18","name":"KOLLAPUR"}, {"id":"191","district_id":"18","name":"Lingal"}, {"id":"192","district_id":"18","name":"NAGARKURNOOL"}, {"id":"193","district_id":"18","name":"Peddakothapally"}, {"id":"194","district_id":"18","name":"Tadoor"}, {"id":"195","district_id":"18","name":"Telkapally"}, {"id":"196","district_id":"18","name":"Thimmajipet"}, {"id":"197","district_id":"18","name":"Uppununthala"}, {"id":"198","district_id":"18","name":"VANGOOR"}, {"id":"199","district_id":"18","name":"Veldanda"}, {"id":"200","district_id":"19","name":"Weepangandla"}, {"id":"201","district_id":"19","name":"ATMAKUR"}, {"id":"202","district_id":"19","name":"Gopalpet"}, {"id":"203","district_id":"19","name":"Kothakota"}, {"id":"204","district_id":"19","name":"Pangal"}, {"id":"205","district_id":"19","name":"Pebbair"}, {"id":"206","district_id":"19","name":"Wanaparthy"}, {"id":"207","district_id":"20","name":"Keshampeta"}, {"id":"208","district_id":"20","name":"Kondurg"}, {"id":"209","district_id":"20","name":"Kothur"}, {"id":"210","district_id":"20","name":"Farooqnagar"}, {"id":"211","district_id":"20","name":"Talakondapally"}, {"id":"212","district_id":"20","name":"Amangal"}, {"id":"213","district_id":"20","name":"Madgul"}, {"id":"214","district_id":"21","name":"Andole"}, {"id":"215","district_id":"21","name":"Hathnoora"}, {"id":"216","district_id":"21","name":"Jharasangam"}, {"id":"217","district_id":"21","name":"Jinnaram"}, {"id":"218","district_id":"21","name":"Kalher"}, {"id":"219","district_id":"21","name":"Kangti"}, {"id":"220","district_id":"21","name":"Kohir"}, {"id":"221","district_id":"21","name":"Kondapur"}, {"id":"222","district_id":"21","name":"Manoor"}, {"id":"223","district_id":"21","name":"Munipally"}, {"id":"224","district_id":"21","name":"Narayankhed"}, {"id":"225","district_id":"21","name":"Nyalkal"}, {"id":"226","district_id":"21","name":"Patancheru"}, {"id":"227","district_id":"21","name":"Pulkal"}, {"id":"228","district_id":"21","name":"Raikode"}, {"id":"229","district_id":"21","name":"Ramachandrapuram"}, {"id":"230","district_id":"21","name":"Sadasivpet"}, {"id":"231","district_id":"21","name":"Sangareddy"}, {"id":"232","district_id":"21","name":"Zahirabad"}, {"id":"233","district_id":"21","name":"Alladurg"}, {"id":"234","district_id":"21","name":"Regode"}, {"id":"235","district_id":"22","name":"Medak"}, {"id":"236","district_id":"22","name":"Papannapet"}, {"id":"237","district_id":"22","name":"Shankarampet-R"}, {"id":"238","district_id":"22","name":"Ramayampet"}, {"id":"239","district_id":"22","name":"Shankarampet-A"}, {"id":"240","district_id":"22","name":"Tekmal"}, {"id":"241","district_id":"22","name":"Toopran"}, {"id":"242","district_id":"22","name":"Wargal"}, {"id":"243","district_id":"22","name":"Shivampet"}, {"id":"244","district_id":"22","name":"Chegunta"}, {"id":"245","district_id":"22","name":"Yeldurthy"}, {"id":"246","district_id":"22","name":"Narsapur"}, {"id":"247","district_id":"22","name":"Kowdipally"}, {"id":"248","district_id":"22","name":"Kulcharam"}, {"id":"249","district_id":"5","name":"Siddipet"}, {"id":"250","district_id":"5","name":"Chinnakodur"}, {"id":"251","district_id":"5","name":"Nangunoor"}, {"id":"252","district_id":"5","name":"Dubbak"}, {"id":"253","district_id":"5","name":"Mirdoddi"}, {"id":"254","district_id":"5","name":"Thoguta"}, {"id":"255","district_id":"5","name":"Gajwel"}, {"id":"256","district_id":"5","name":"Jagadevpur"}, {"id":"257","district_id":"5","name":"Kondapak"}, {"id":"258","district_id":"5","name":"Mulugu"}, {"id":"259","district_id":"24","name":"Anumula"}, {"id":"260","district_id":"24","name":"Chandampet"}, {"id":"261","district_id":"24","name":"Chandur"}, {"id":"262","district_id":"24","name":"Chintha Pally"}, {"id":"263","district_id":"24","name":"Chityala"}, {"id":"264","district_id":"24","name":"Dameracherla"}, {"id":"265","district_id":"24","name":"Devarakonda"}, {"id":"266","district_id":"24","name":"Gundlapally (Dindi)"}, {"id":"267","district_id":"24","name":"Gurrampode"}, {"id":"268","district_id":"24","name":"Kanagal"}, {"id":"269","district_id":"24","name":"Kattangoor"}, {"id":"270","district_id":"24","name":"Kethe Pally"}, {"id":"271","district_id":"24","name":"Marriguda"}, {"id":"272","district_id":"24","name":"Miryalaguda"}, {"id":"273","district_id":"24","name":"Munugode"}, {"id":"274","district_id":"24","name":"Nakrekal"}, {"id":"275","district_id":"24","name":"Nalgonda"}, {"id":"276","district_id":"24","name":"Nampally"}, {"id":"277","district_id":"24","name":"Narketpally"}, {"id":"278","district_id":"24","name":"Nidamanoor"}, {"id":"279","district_id":"24","name":"Pedda  Adiserla  Pally"}, {"id":"280","district_id":"24","name":"Peddavura"}, {"id":"281","district_id":"24","name":"Shali Gouraram"}, {"id":"282","district_id":"24","name":"Thipparthi"}, {"id":"283","district_id":"24","name":"Tripuraram"}, {"id":"284","district_id":"24","name":"Vemula Pally"}, {"id":"285","district_id":"25","name":"Alair"}, {"id":"286","district_id":"25","name":"Atmakur(M)"}, {"id":"287","district_id":"25","name":"Bhuvanagiri"}, {"id":"288","district_id":"25","name":"Bibinagar"}, {"id":"289","district_id":"25","name":"Bommala Ramaram"}, {"id":"290","district_id":"25","name":"Choutuppal"}, {"id":"291","district_id":"25","name":"Mothkur"}, {"id":"292","district_id":"25","name":"M.Turka Pally"}, {"id":"293","district_id":"25","name":"Narayanapur"}, {"id":"294","district_id":"25","name":"Pochampally"}, {"id":"295","district_id":"25","name":"Rajapet"}, {"id":"296","district_id":"25","name":"Ramannapeta"}, {"id":"297","district_id":"25","name":"Valigonda"}, {"id":"298","district_id":"25","name":"Yadagirigutta"}, {"id":"299","district_id":"26","name":"Athmakur(S)"}, {"id":"300","district_id":"26","name":"Chilkur"}, {"id":"301","district_id":"26","name":"Chivemla"}, {"id":"302","district_id":"26","name":"Garidepally"}, {"id":"303","district_id":"26","name":"Huzurnagar"}, {"id":"304","district_id":"26","name":"Jajireddigudem"}, {"id":"305","district_id":"26","name":"Kodad"}, {"id":"306","district_id":"26","name":"Mattampally"}, {"id":"307","district_id":"26","name":"Mellacheruvu"}, {"id":"308","district_id":"26","name":"Mothey"}, {"id":"309","district_id":"26","name":"Munagala"}, {"id":"310","district_id":"26","name":"Nadigudem"}, {"id":"311","district_id":"26","name":"Nereducherla"}, {"id":"312","district_id":"26","name":"Noothankal"}, {"id":"313","district_id":"26","name":"Penpahad"}, {"id":"314","district_id":"26","name":"Suryapet"}, {"id":"315","district_id":"26","name":"Thirumalagiri"}, {"id":"316","district_id":"26","name":"Thungathurthy"}, {"id":"317","district_id":"21","name":"jukal"}, {"id":"318","district_id":"27","name":"ARMUR"}, {"id":"319","district_id":"27","name":"BALKONDA"}, {"id":"320","district_id":"27","name":"BHEEMGAL"}, {"id":"321","district_id":"27","name":"BODHAN"}, {"id":"322","district_id":"27","name":"DHARPALLE"}, {"id":"323","district_id":"27","name":"DICHPALLE"}, {"id":"324","district_id":"27","name":"JAKRANPALLE"}, {"id":"325","district_id":"27","name":"KAMMARAPALLE"}, {"id":"326","district_id":"27","name":"KOTGIRI"}, {"id":"327","district_id":"27","name":"MAKLOOR"}, {"id":"328","district_id":"27","name":"MORTAD"}, {"id":"329","district_id":"27","name":"NANDIPET"}, {"id":"330","district_id":"27","name":"NAVIPET"}, {"id":"331","district_id":"27","name":"NIZAMABAD"}, {"id":"332","district_id":"27","name":"RENJAL"}, {"id":"333","district_id":"27","name":"SIRKONDA"}, {"id":"334","district_id":"27","name":"VARNI"}, {"id":"335","district_id":"27","name":"VELPUR"}, {"id":"336","district_id":"27","name":"YEDAPALLE"}, {"id":"337","district_id":"28","name":"BANSWADA"}, {"id":"338","district_id":"28","name":"BHIKNUR"}, {"id":"339","district_id":"28","name":"BICHKUNDA"}, {"id":"340","district_id":"28","name":"BIRKOOR"}, {"id":"341","district_id":"28","name":"DOMAKONDA"}, {"id":"342","district_id":"28","name":"GANDHARI"}, {"id":"343","district_id":"28","name":"JUKKAL"}, {"id":"344","district_id":"28","name":"KAMAREDDY"}, {"id":"345","district_id":"28","name":"LINGAMPET"}, {"id":"346","district_id":"28","name":"MACHAREDDY"}, {"id":"347","district_id":"28","name":"MADNUR"}, {"id":"348","district_id":"28","name":"NAGIREDDYPET"}, {"id":"349","district_id":"28","name":"NIZAMSAGAR"}, {"id":"350","district_id":"28","name":"PITLAM"}, {"id":"351","district_id":"28","name":"SADASIVANAGAR"}, {"id":"352","district_id":"28","name":"TADWAI"}, {"id":"353","district_id":"28","name":"YELLAREDDY"}, {"id":"354","district_id":"8","name":"Kammarpalli"}, {"id":"355","district_id":"15","name":"Bantwaram"}, {"id":"356","district_id":"15","name":"Basheerabad"}, {"id":"357","district_id":"15","name":"Doma"}, {"id":"358","district_id":"15","name":"Kulakcherla"}, {"id":"359","district_id":"15","name":"Marpally"}, {"id":"360","district_id":"15","name":"Mominpet"}, {"id":"361","district_id":"15","name":"Parigi"}, {"id":"362","district_id":"15","name":"Peddemul"}, {"id":"363","district_id":"15","name":"Pudur"}, {"id":"364","district_id":"20","name":"Saroornagar"}, {"id":"365","district_id":"15","name":"Tandur"}, {"id":"366","district_id":"15","name":"Vikarabad"}, {"id":"367","district_id":"15","name":"Yalal"}, {"id":"368","district_id":"17","name":"Gandeed"}, {"id":"369","district_id":"17","name":"Kulkacherla"}, {"id":"370","district_id":"29","name":"Quthbullapur"}, {"id":"371","district_id":"29","name":"Shamirpet"}, {"id":"372","district_id":"29","name":"Medchal"}, {"id":"373","district_id":"29","name":"Keesara"}, {"id":"374","district_id":"29","name":"Ghatkesar"}, {"id":"375","district_id":"20","name":"Hayathnagar"}, {"id":"376","district_id":"20","name":"Ibrahimpatnam "}, {"id":"377","district_id":"20","name":"Kandukur"}, {"id":"378","district_id":"20","name":"Maheshwaram"}, {"id":"379","district_id":"20","name":"Manchal"}, {"id":"380","district_id":"20","name":"Moinabad"}, {"id":"381","district_id":"20","name":"Rajendranagar"}, {"id":"382","district_id":"20","name":"Shamshabad"}, {"id":"383","district_id":"20","name":"Shankarpally"}, {"id":"384","district_id":"20","name":"Yacharam"}, {"id":"385","district_id":"20","name":"Shabad"}, {"id":"386","district_id":"20","name":"Chevella"}, {"id":"387","district_id":"5","name":"Cheriyal"}, {"id":"388","district_id":"30","name":"Chennaraopet"}, {"id":"389","district_id":"30","name":"Duggondi"}, {"id":"390","district_id":"30","name":"Geesugonda"}, {"id":"391","district_id":"30","name":"Nallabelli"}, {"id":"392","district_id":"30","name":"Narsamapet"}, {"id":"393","district_id":"30","name":"Nekkonda"}, {"id":"394","district_id":"7","name":"Parkal"}, {"id":"395","district_id":"30","name":"Parvathagiri"}, {"id":"396","district_id":"30","name":"Raiparthy"}, {"id":"397","district_id":"30","name":"Sangem"}, {"id":"398","district_id":"30","name":"Shayampet"}, {"id":"399","district_id":"7","name":"Wardhannapet"}, {"id":"400","district_id":"14","name":"Dornakal"}, {"id":"401","district_id":"14","name":"Gudur"}, {"id":"402","district_id":"14","name":"KESAMUDRAM"}, {"id":"403","district_id":"14","name":"NELLUKUDURU"}, {"id":"404","district_id":"14","name":"Kothaguda"}, {"id":"405","district_id":"14","name":"KURAVI"}, {"id":"406","district_id":"14","name":"Mahabubabad "}, {"id":"407","district_id":"14","name":"Maripeda"}, {"id":"408","district_id":"14","name":"Narsimhulapet"}, {"id":"409","district_id":"14","name":"Thorrur"}, {"id":"410","district_id":"14","name":"Kodakandla"}, {"id":"411","district_id":"23","name":"Jangaon"}, {"id":"412","district_id":"23","name":"Raghunathpally"}, {"id":"413","district_id":"23","name":"Bachannapet"}, {"id":"414","district_id":"23","name":"Zaffergadh"}, {"id":"415","district_id":"23","name":"Narmetta"}, {"id":"416","district_id":"23","name":"Devaruppula"}, {"id":"417","district_id":"23","name":"Palakurthy"}, {"id":"418","district_id":"23","name":"Ghanpur(Stn)"}, {"id":"419","district_id":"23","name":"Lingala Ghanpur"}, {"id":"420","district_id":"6","name":"Mulug"}, {"id":"421","district_id":"6","name":"Ghanpur (M)"}, {"id":"422","district_id":"6","name":"Govindaraopet"}, {"id":"423","district_id":"6","name":"Bhupalpally"}, {"id":"424","district_id":"6","name":"Regonda"}, {"id":"425","district_id":"6","name":"Chityal"}, {"id":"426","district_id":"6","name":"Mogullapally"}, {"id":"427","district_id":"6","name":"Mangapeta"}, {"id":"428","district_id":"6","name":"Eturnagaram"}, {"id":"429","district_id":"6","name":"Thadvai"}, {"id":"430","district_id":"7","name":"Dharmasagar"}, {"id":"431","district_id":"7","name":"Hasanparthy"}, {"id":"432","district_id":"7","name":"Hanamkonda"}, {"id":"433","district_id":"31","name":"Ameerpet"}, {"id":"434","district_id":"31","name":"Tirumalagiri"}, {"id":"435","district_id":"31","name":"Maredpally"}, {"id":"436","district_id":"31","name":"Amberpet"}, {"id":"437","district_id":"31","name":"Himayatnagar"}, {"id":"438","district_id":"31","name":"Shaikpet"}, {"id":"439","district_id":"31","name":"Khairatabad"}, {"id":"440","district_id":"31","name":"Asifnagar"}, {"id":"441","district_id":"31","name":"Saidhabad"}, {"id":"442","district_id":"31","name":"Bahadurpura"}, {"id":"443","district_id":"31","name":"Bandlaguda"}, {"id":"444","district_id":"31","name":"Secunderabad"}, {"id":"445","district_id":"31","name":"Musheerabad"}, {"id":"446","district_id":"31","name":"Golconda"}, {"id":"447","district_id":"31","name":"Charminar"}, {"id":"448","district_id":"32","name":"Baglan"}, {"id":"449","district_id":"32","name":"Chandvad"}, {"id":"450","district_id":"32","name":"Deola"}, {"id":"451","district_id":"32","name":"Dindori"}, {"id":"452","district_id":"32","name":"Igatpuri"}, {"id":"453","district_id":"32","name":"Kalwan"}, {"id":"454","district_id":"32","name":"Malegaon"}, {"id":"455","district_id":"32","name":"Nandgaon"}, {"id":"456","district_id":"32","name":"Nashik"}, {"id":"457","district_id":"32","name":"Niphad"}, {"id":"458","district_id":"32","name":"Peint"}, {"id":"459","district_id":"32","name":"Sinnar"}, {"id":"460","district_id":"32","name":"Surgana"}, {"id":"461","district_id":"32","name":"Trimbakeshwar"}, {"id":"462","district_id":"32","name":"Yevla"}]
